item_index,faiss_score
5,1.0
51,0.89786625
35,0.88837254
27,0.8832511
33,0.8787223
