item_index,fusion_score
5,1.000000011920929
51,0.9285026898439506
35,0.9218568474818171
27,0.918270451725304
33,0.9150771820937609
